property,annotation_id_0,annotation_id_1,response
fragility,98445,223508,left
fragility,98445,61310,left
fragility,98445,253099,left
fragility,98445,60420,left
fragility,98445,147680,left
fragility,98445,207461,left
fragility,98445,23337,left
fragility,98445,224897,left
fragility,98445,308284,left
fragility,98445,87483,left
fragility,98445,206883,left
fragility,98445,23327,left
fragility,98445,93233,left
fragility,98445,231648,left
fragility,98445,40345,left
fragility,98445,212310,left
fragility,98445,111726,left
fragility,98445,179729,left
fragility,98445,68698,left
fragility,98445,8586,left
fragility,98445,17366,left
fragility,98445,29553,left
fragility,98445,48511,left
fragility,98445,72555,left
fragility,98445,142415,left
fragility,98445,300836,left
fragility,98445,117302,left
fragility,98445,23423,left
fragility,98445,289459,left
fragility,98445,231090,left
fragility,98445,62504,left
fragility,98445,281103,left
fragility,98445,298573,left
fragility,98445,218425,left
fragility,98445,168512,left
fragility,98445,136096,left
fragility,98445,17104,left
fragility,98445,290532,left
fragility,98445,105409,left
fragility,98445,140352,left
fragility,98445,46872,left
fragility,98445,27000,left
fragility,98445,306752,left
fragility,98445,82724,left
fragility,98445,127776,left
fragility,98445,161821,left
fragility,98445,258896,left
fragility,98445,214492,left
fragility,98445,26900,left
fragility,98445,171208,left
fragility,98445,172469,left
fragility,215250,223508,left
fragility,215250,61310,left
fragility,215250,253099,left
fragility,215250,60420,left
fragility,215250,147680,left
fragility,215250,207461,left
fragility,215250,23337,left
fragility,215250,224897,left
fragility,215250,308284,left
fragility,215250,87483,left
fragility,215250,206883,left
fragility,215250,23327,left
fragility,215250,93233,left
fragility,215250,231648,left
fragility,215250,40345,left
fragility,215250,212310,left
fragility,215250,111726,left
fragility,215250,179729,left
fragility,215250,68698,left
fragility,215250,8586,left
fragility,215250,17366,left
fragility,215250,29553,left
fragility,215250,48511,left
fragility,215250,72555,left
fragility,215250,142415,left
fragility,215250,300836,left
fragility,215250,117302,left
fragility,215250,23423,left
fragility,215250,289459,left
fragility,215250,231090,left
fragility,215250,62504,left
fragility,215250,281103,left
fragility,215250,298573,left
fragility,215250,218425,left
fragility,215250,168512,left
fragility,215250,136096,left
fragility,215250,17104,left
fragility,215250,290532,left
fragility,215250,105409,left
fragility,215250,140352,left
fragility,215250,46872,left
fragility,215250,27000,left
fragility,215250,306752,left
fragility,215250,82724,left
fragility,215250,127776,left
fragility,215250,161821,left
fragility,215250,258896,left
fragility,215250,214492,left
fragility,215250,26900,left
fragility,215250,171208,left
fragility,215250,172469,left
fragility,175022,223508,left
fragility,175022,61310,left
fragility,175022,253099,left
fragility,175022,60420,left
fragility,175022,147680,left
fragility,175022,207461,left
fragility,175022,23337,left
fragility,175022,224897,left
fragility,175022,308284,left
fragility,175022,87483,left
fragility,175022,206883,left
fragility,175022,23327,left
fragility,175022,93233,left
fragility,175022,231648,left
fragility,175022,40345,left
fragility,175022,212310,left
fragility,175022,111726,left
fragility,175022,179729,left
fragility,175022,68698,left
fragility,175022,8586,left
fragility,175022,17366,left
fragility,175022,29553,left
fragility,175022,48511,left
fragility,175022,72555,left
fragility,175022,142415,left
fragility,175022,300836,left
fragility,175022,117302,left
fragility,175022,23423,left
fragility,175022,289459,left
fragility,175022,231090,left
fragility,175022,62504,left
fragility,175022,281103,left
fragility,175022,298573,left
fragility,175022,218425,left
fragility,175022,168512,left
fragility,175022,136096,left
fragility,175022,17104,left
fragility,175022,290532,left
fragility,175022,105409,left
fragility,175022,140352,left
fragility,175022,46872,left
fragility,175022,27000,left
fragility,175022,306752,left
fragility,175022,82724,left
fragility,175022,127776,left
fragility,175022,161821,left
fragility,175022,258896,left
fragility,175022,214492,left
fragility,175022,26900,left
fragility,175022,171208,left
fragility,175022,172469,left
fragility,8525,223508,left
fragility,8525,61310,left
fragility,8525,253099,left
fragility,8525,60420,left
fragility,8525,147680,left
fragility,8525,207461,left
fragility,8525,23337,left
fragility,8525,224897,left
fragility,8525,308284,left
fragility,8525,87483,left
fragility,8525,206883,left
fragility,8525,23327,left
fragility,8525,93233,left
fragility,8525,231648,left
fragility,8525,40345,left
fragility,8525,212310,left
fragility,8525,111726,left
fragility,8525,179729,left
fragility,8525,68698,left
fragility,8525,8586,left
fragility,8525,17366,left
fragility,8525,29553,left
fragility,8525,48511,left
fragility,8525,72555,left
fragility,8525,142415,left
fragility,8525,300836,left
fragility,8525,117302,left
fragility,8525,23423,left
fragility,8525,289459,left
fragility,8525,231090,left
fragility,8525,62504,left
fragility,8525,281103,left
fragility,8525,298573,left
fragility,8525,218425,left
fragility,8525,168512,left
fragility,8525,136096,left
fragility,8525,17104,left
fragility,8525,290532,left
fragility,8525,105409,left
fragility,8525,140352,left
fragility,8525,46872,left
fragility,8525,27000,left
fragility,8525,306752,left
fragility,8525,82724,left
fragility,8525,127776,left
fragility,8525,161821,left
fragility,8525,258896,left
fragility,8525,214492,left
fragility,8525,26900,left
fragility,8525,171208,left
fragility,8525,172469,left
fragility,209895,223508,left
fragility,209895,61310,left
fragility,209895,253099,left
fragility,209895,60420,left
fragility,209895,147680,left
fragility,209895,207461,left
fragility,209895,23337,left
fragility,209895,224897,left
fragility,209895,308284,left
fragility,209895,87483,left
fragility,209895,206883,left
fragility,209895,23327,left
fragility,209895,93233,left
fragility,209895,231648,left
fragility,209895,40345,left
fragility,209895,212310,left
fragility,209895,111726,left
fragility,209895,179729,left
fragility,209895,68698,left
fragility,209895,8586,left
fragility,209895,17366,left
fragility,209895,29553,left
fragility,209895,48511,left
fragility,209895,72555,left
fragility,209895,142415,left
fragility,209895,300836,left
fragility,209895,117302,left
fragility,209895,23423,left
fragility,209895,289459,left
fragility,209895,231090,left
fragility,209895,62504,left
fragility,209895,281103,left
fragility,209895,298573,left
fragility,209895,218425,left
fragility,209895,168512,left
fragility,209895,136096,left
fragility,209895,17104,left
fragility,209895,290532,left
fragility,209895,105409,left
fragility,209895,140352,left
fragility,209895,46872,left
fragility,209895,27000,left
fragility,209895,306752,left
fragility,209895,82724,left
fragility,209895,127776,left
fragility,209895,161821,left
fragility,209895,258896,left
fragility,209895,214492,left
fragility,209895,26900,left
fragility,209895,171208,left
fragility,209895,172469,left
fragility,145795,223508,left
fragility,145795,61310,left
fragility,145795,253099,left
fragility,145795,60420,left
fragility,145795,147680,left
fragility,145795,207461,left
fragility,145795,23337,left
fragility,145795,224897,left
fragility,145795,308284,left
fragility,145795,87483,left
fragility,145795,206883,left
fragility,145795,23327,left
fragility,145795,93233,left
fragility,145795,231648,left
fragility,145795,40345,left
fragility,145795,212310,left
fragility,145795,111726,left
fragility,145795,179729,left
fragility,145795,68698,left
fragility,145795,8586,left
fragility,145795,17366,left
fragility,145795,29553,left
fragility,145795,48511,left
fragility,145795,72555,left
fragility,145795,142415,left
fragility,145795,300836,left
fragility,145795,117302,left
fragility,145795,23423,left
fragility,145795,289459,left
fragility,145795,231090,left
fragility,145795,62504,left
fragility,145795,281103,left
fragility,145795,298573,left
fragility,145795,218425,left
fragility,145795,168512,left
fragility,145795,136096,left
fragility,145795,17104,left
fragility,145795,290532,left
fragility,145795,105409,left
fragility,145795,140352,left
fragility,145795,46872,left
fragility,145795,27000,left
fragility,145795,306752,left
fragility,145795,82724,left
fragility,145795,127776,left
fragility,145795,161821,left
fragility,145795,258896,left
fragility,145795,214492,left
fragility,145795,26900,left
fragility,145795,171208,left
fragility,145795,172469,left
fragility,93406,223508,left
fragility,93406,61310,left
fragility,93406,253099,left
fragility,93406,60420,left
fragility,93406,147680,left
fragility,93406,207461,left
fragility,93406,23337,left
fragility,93406,224897,left
fragility,93406,308284,left
fragility,93406,87483,left
fragility,93406,206883,left
fragility,93406,23327,left
fragility,93406,93233,left
fragility,93406,231648,left
fragility,93406,40345,left
fragility,93406,212310,left
fragility,93406,111726,left
fragility,93406,179729,left
fragility,93406,68698,left
fragility,93406,8586,left
fragility,93406,17366,left
fragility,93406,29553,left
fragility,93406,48511,left
fragility,93406,72555,left
fragility,93406,142415,left
fragility,93406,300836,left
fragility,93406,117302,left
fragility,93406,23423,left
fragility,93406,289459,left
fragility,93406,231090,left
fragility,93406,62504,left
fragility,93406,281103,left
fragility,93406,298573,left
fragility,93406,218425,left
fragility,93406,168512,left
fragility,93406,136096,left
fragility,93406,17104,left
fragility,93406,290532,left
fragility,93406,105409,left
fragility,93406,140352,left
fragility,93406,46872,left
fragility,93406,27000,left
fragility,93406,306752,left
fragility,93406,82724,left
fragility,93406,127776,left
fragility,93406,161821,left
fragility,93406,258896,left
fragility,93406,214492,left
fragility,93406,26900,left
fragility,93406,171208,left
fragility,93406,172469,left
fragility,243510,223508,left
fragility,243510,61310,left
fragility,243510,253099,left
fragility,243510,60420,left
fragility,243510,147680,left
fragility,243510,207461,left
fragility,243510,23337,left
fragility,243510,224897,left
fragility,243510,308284,left
fragility,243510,87483,left
fragility,243510,206883,left
fragility,243510,23327,left
fragility,243510,93233,left
fragility,243510,231648,left
fragility,243510,40345,left
fragility,243510,212310,left
fragility,243510,111726,left
fragility,243510,179729,left
fragility,243510,68698,left
fragility,243510,8586,left
fragility,243510,17366,left
fragility,243510,29553,left
fragility,243510,48511,left
fragility,243510,72555,left
fragility,243510,142415,left
fragility,243510,300836,left
fragility,243510,117302,left
fragility,243510,23423,left
fragility,243510,289459,left
fragility,243510,231090,left
fragility,243510,62504,left
fragility,243510,281103,left
fragility,243510,298573,left
fragility,243510,218425,left
fragility,243510,168512,left
fragility,243510,136096,left
fragility,243510,17104,left
fragility,243510,290532,left
fragility,243510,105409,left
fragility,243510,140352,left
fragility,243510,46872,left
fragility,243510,27000,left
fragility,243510,306752,left
fragility,243510,82724,left
fragility,243510,127776,left
fragility,243510,161821,left
fragility,243510,258896,left
fragility,243510,214492,left
fragility,243510,26900,left
fragility,243510,171208,left
fragility,243510,172469,left
fragility,186260,223508,left
fragility,186260,61310,left
fragility,186260,253099,left
fragility,186260,60420,left
fragility,186260,147680,left
fragility,186260,207461,left
fragility,186260,23337,left
fragility,186260,224897,left
fragility,186260,308284,left
fragility,186260,87483,left
fragility,186260,206883,left
fragility,186260,23327,left
fragility,186260,93233,left
fragility,186260,231648,left
fragility,186260,40345,left
fragility,186260,212310,left
fragility,186260,111726,left
fragility,186260,179729,left
fragility,186260,68698,left
fragility,186260,8586,left
fragility,186260,17366,left
fragility,186260,29553,left
fragility,186260,48511,left
fragility,186260,72555,left
fragility,186260,142415,left
fragility,186260,300836,left
fragility,186260,117302,left
fragility,186260,23423,left
fragility,186260,289459,left
fragility,186260,231090,left
fragility,186260,62504,left
fragility,186260,281103,left
fragility,186260,298573,left
fragility,186260,218425,left
fragility,186260,168512,left
fragility,186260,136096,left
fragility,186260,17104,left
fragility,186260,290532,left
fragility,186260,105409,left
fragility,186260,140352,left
fragility,186260,46872,left
fragility,186260,27000,left
fragility,186260,306752,left
fragility,186260,82724,left
fragility,186260,127776,left
fragility,186260,161821,left
fragility,186260,258896,left
fragility,186260,214492,left
fragility,186260,26900,left
fragility,186260,171208,left
fragility,186260,172469,left
fragility,276538,223508,left
fragility,276538,61310,left
fragility,276538,253099,left
fragility,276538,60420,left
fragility,276538,147680,left
fragility,276538,207461,left
fragility,276538,23337,left
fragility,276538,224897,left
fragility,276538,308284,left
fragility,276538,87483,left
fragility,276538,206883,left
fragility,276538,23327,left
fragility,276538,93233,left
fragility,276538,231648,left
fragility,276538,40345,left
fragility,276538,212310,left
fragility,276538,111726,left
fragility,276538,179729,left
fragility,276538,68698,left
fragility,276538,8586,left
fragility,276538,17366,left
fragility,276538,29553,left
fragility,276538,48511,left
fragility,276538,72555,left
fragility,276538,142415,left
fragility,276538,300836,left
fragility,276538,117302,left
fragility,276538,23423,left
fragility,276538,289459,left
fragility,276538,231090,left
fragility,276538,62504,left
fragility,276538,281103,left
fragility,276538,298573,left
fragility,276538,218425,left
fragility,276538,168512,left
fragility,276538,136096,left
fragility,276538,17104,left
fragility,276538,290532,left
fragility,276538,105409,left
fragility,276538,140352,left
fragility,276538,46872,left
fragility,276538,27000,left
fragility,276538,306752,left
fragility,276538,82724,left
fragility,276538,127776,left
fragility,276538,161821,left
fragility,276538,258896,left
fragility,276538,214492,left
fragility,276538,26900,left
fragility,276538,171208,left
fragility,276538,172469,left
fragility,186252,223508,left
fragility,186252,61310,left
fragility,186252,253099,left
fragility,186252,60420,left
fragility,186252,147680,left
fragility,186252,207461,left
fragility,186252,23337,left
fragility,186252,224897,left
fragility,186252,308284,left
fragility,186252,87483,left
fragility,186252,206883,left
fragility,186252,23327,left
fragility,186252,93233,left
fragility,186252,231648,left
fragility,186252,40345,left
fragility,186252,212310,left
fragility,186252,111726,left
fragility,186252,179729,left
fragility,186252,68698,left
fragility,186252,8586,left
fragility,186252,17366,left
fragility,186252,29553,left
fragility,186252,48511,left
fragility,186252,72555,left
fragility,186252,142415,left
fragility,186252,300836,left
fragility,186252,117302,left
fragility,186252,23423,left
fragility,186252,289459,left
fragility,186252,231090,left
fragility,186252,62504,left
fragility,186252,281103,left
fragility,186252,298573,left
fragility,186252,218425,left
fragility,186252,168512,left
fragility,186252,136096,left
fragility,186252,17104,left
fragility,186252,290532,left
fragility,186252,105409,left
fragility,186252,140352,left
fragility,186252,46872,left
fragility,186252,27000,left
fragility,186252,306752,left
fragility,186252,82724,left
fragility,186252,127776,left
fragility,186252,161821,left
fragility,186252,258896,left
fragility,186252,214492,left
fragility,186252,26900,left
fragility,186252,171208,left
fragility,186252,172469,left
fragility,35694,223508,left
fragility,35694,61310,left
fragility,35694,253099,left
fragility,35694,60420,left
fragility,35694,147680,left
fragility,35694,207461,left
fragility,35694,23337,left
fragility,35694,224897,left
fragility,35694,308284,left
fragility,35694,87483,left
fragility,35694,206883,left
fragility,35694,23327,left
fragility,35694,93233,left
fragility,35694,231648,left
fragility,35694,40345,left
fragility,35694,212310,left
fragility,35694,111726,left
fragility,35694,179729,left
fragility,35694,68698,left
fragility,35694,8586,left
fragility,35694,17366,left
fragility,35694,29553,left
fragility,35694,48511,left
fragility,35694,72555,left
fragility,35694,142415,left
fragility,35694,300836,left
fragility,35694,117302,left
fragility,35694,23423,left
fragility,35694,289459,left
fragility,35694,231090,left
fragility,35694,62504,left
fragility,35694,281103,left
fragility,35694,298573,left
fragility,35694,218425,left
fragility,35694,168512,left
fragility,35694,136096,left
fragility,35694,17104,left
fragility,35694,290532,left
fragility,35694,105409,left
fragility,35694,140352,left
fragility,35694,46872,left
fragility,35694,27000,left
fragility,35694,306752,left
fragility,35694,82724,left
fragility,35694,127776,left
fragility,35694,161821,left
fragility,35694,258896,left
fragility,35694,214492,left
fragility,35694,26900,left
fragility,35694,171208,left
fragility,35694,172469,left
fragility,237126,223508,left
fragility,237126,61310,left
fragility,237126,253099,left
fragility,237126,60420,left
fragility,237126,147680,left
fragility,237126,207461,left
fragility,237126,23337,left
fragility,237126,224897,left
fragility,237126,308284,left
fragility,237126,87483,left
fragility,237126,206883,left
fragility,237126,23327,left
fragility,237126,93233,left
fragility,237126,231648,left
fragility,237126,40345,left
fragility,237126,212310,left
fragility,237126,111726,left
fragility,237126,179729,left
fragility,237126,68698,left
fragility,237126,8586,left
fragility,237126,17366,left
fragility,237126,29553,left
fragility,237126,48511,left
fragility,237126,72555,left
fragility,237126,142415,left
fragility,237126,300836,left
fragility,237126,117302,left
fragility,237126,23423,left
fragility,237126,289459,left
fragility,237126,231090,left
fragility,237126,62504,left
fragility,237126,281103,left
fragility,237126,298573,left
fragility,237126,218425,left
fragility,237126,168512,left
fragility,237126,136096,left
fragility,237126,17104,left
fragility,237126,290532,left
fragility,237126,105409,left
fragility,237126,140352,left
fragility,237126,46872,left
fragility,237126,27000,left
fragility,237126,306752,left
fragility,237126,82724,left
fragility,237126,127776,left
fragility,237126,161821,left
fragility,237126,258896,left
fragility,237126,214492,left
fragility,237126,26900,left
fragility,237126,171208,left
fragility,237126,172469,left
fragility,288285,223508,left
fragility,288285,61310,left
fragility,288285,253099,left
fragility,288285,60420,left
fragility,288285,147680,left
fragility,288285,207461,left
fragility,288285,23337,left
fragility,288285,224897,left
fragility,288285,308284,left
fragility,288285,87483,left
fragility,288285,206883,left
fragility,288285,23327,left
fragility,288285,93233,left
fragility,288285,231648,left
fragility,288285,40345,left
fragility,288285,212310,left
fragility,288285,111726,left
fragility,288285,179729,left
fragility,288285,68698,left
fragility,288285,8586,left
fragility,288285,17366,left
fragility,288285,29553,left
fragility,288285,48511,left
fragility,288285,72555,left
fragility,288285,142415,left
fragility,288285,300836,left
fragility,288285,117302,left
fragility,288285,23423,left
fragility,288285,289459,left
fragility,288285,231090,left
fragility,288285,62504,left
fragility,288285,281103,left
fragility,288285,298573,left
fragility,288285,218425,left
fragility,288285,168512,left
fragility,288285,136096,left
fragility,288285,17104,left
fragility,288285,290532,left
fragility,288285,105409,left
fragility,288285,140352,left
fragility,288285,46872,left
fragility,288285,27000,left
fragility,288285,306752,left
fragility,288285,82724,left
fragility,288285,127776,left
fragility,288285,161821,left
fragility,288285,258896,left
fragility,288285,214492,left
fragility,288285,26900,left
fragility,288285,171208,left
fragility,288285,172469,left
fragility,219704,223508,left
fragility,219704,61310,left
fragility,219704,253099,left
fragility,219704,60420,left
fragility,219704,147680,left
fragility,219704,207461,left
fragility,219704,23337,left
fragility,219704,224897,left
fragility,219704,308284,left
fragility,219704,87483,left
fragility,219704,206883,left
fragility,219704,23327,left
fragility,219704,93233,left
fragility,219704,231648,left
fragility,219704,40345,left
fragility,219704,212310,left
fragility,219704,111726,left
fragility,219704,179729,left
fragility,219704,68698,left
fragility,219704,8586,left
fragility,219704,17366,left
fragility,219704,29553,left
fragility,219704,48511,left
fragility,219704,72555,left
fragility,219704,142415,left
fragility,219704,300836,left
fragility,219704,117302,left
fragility,219704,23423,left
fragility,219704,289459,left
fragility,219704,231090,left
fragility,219704,62504,left
fragility,219704,281103,left
fragility,219704,298573,left
fragility,219704,218425,left
fragility,219704,168512,left
fragility,219704,136096,left
fragility,219704,17104,left
fragility,219704,290532,left
fragility,219704,105409,left
fragility,219704,140352,left
fragility,219704,46872,left
fragility,219704,27000,left
fragility,219704,306752,left
fragility,219704,82724,left
fragility,219704,127776,left
fragility,219704,161821,left
fragility,219704,258896,left
fragility,219704,214492,left
fragility,219704,26900,left
fragility,219704,171208,left
fragility,219704,172469,left
fragility,36271,223508,left
fragility,36271,61310,left
fragility,36271,253099,left
fragility,36271,60420,left
fragility,36271,147680,left
fragility,36271,207461,left
fragility,36271,23337,left
fragility,36271,224897,left
fragility,36271,308284,left
fragility,36271,87483,left
fragility,36271,206883,left
fragility,36271,23327,left
fragility,36271,93233,left
fragility,36271,231648,left
fragility,36271,40345,left
fragility,36271,212310,left
fragility,36271,111726,left
fragility,36271,179729,left
fragility,36271,68698,left
fragility,36271,8586,left
fragility,36271,17366,left
fragility,36271,29553,left
fragility,36271,48511,left
fragility,36271,72555,left
fragility,36271,142415,left
fragility,36271,300836,left
fragility,36271,117302,left
fragility,36271,23423,left
fragility,36271,289459,left
fragility,36271,231090,left
fragility,36271,62504,left
fragility,36271,281103,left
fragility,36271,298573,left
fragility,36271,218425,left
fragility,36271,168512,left
fragility,36271,136096,left
fragility,36271,17104,left
fragility,36271,290532,left
fragility,36271,105409,left
fragility,36271,140352,left
fragility,36271,46872,left
fragility,36271,27000,left
fragility,36271,306752,left
fragility,36271,82724,left
fragility,36271,127776,left
fragility,36271,161821,left
fragility,36271,258896,left
fragility,36271,214492,left
fragility,36271,26900,left
fragility,36271,171208,left
fragility,36271,172469,left
fragility,206631,223508,left
fragility,206631,61310,left
fragility,206631,253099,left
fragility,206631,60420,left
fragility,206631,147680,left
fragility,206631,207461,left
fragility,206631,23337,left
fragility,206631,224897,left
fragility,206631,308284,left
fragility,206631,87483,left
fragility,206631,206883,left
fragility,206631,23327,left
fragility,206631,93233,left
fragility,206631,231648,left
fragility,206631,40345,left
fragility,206631,212310,left
fragility,206631,111726,left
fragility,206631,179729,left
fragility,206631,68698,left
fragility,206631,8586,left
fragility,206631,17366,left
fragility,206631,29553,left
fragility,206631,48511,left
fragility,206631,72555,left
fragility,206631,142415,left
fragility,206631,300836,left
fragility,206631,117302,left
fragility,206631,23423,left
fragility,206631,289459,left
fragility,206631,231090,left
fragility,206631,62504,left
fragility,206631,281103,left
fragility,206631,298573,left
fragility,206631,218425,left
fragility,206631,168512,left
fragility,206631,136096,left
fragility,206631,17104,left
fragility,206631,290532,left
fragility,206631,105409,left
fragility,206631,140352,left
fragility,206631,46872,left
fragility,206631,27000,left
fragility,206631,306752,left
fragility,206631,82724,left
fragility,206631,127776,left
fragility,206631,161821,left
fragility,206631,258896,left
fragility,206631,214492,left
fragility,206631,26900,left
fragility,206631,171208,left
fragility,206631,172469,left
fragility,98062,223508,left
fragility,98062,61310,left
fragility,98062,253099,left
fragility,98062,60420,left
fragility,98062,147680,left
fragility,98062,207461,left
fragility,98062,23337,left
fragility,98062,224897,left
fragility,98062,308284,left
fragility,98062,87483,left
fragility,98062,206883,left
fragility,98062,23327,left
fragility,98062,93233,left
fragility,98062,231648,left
fragility,98062,40345,left
fragility,98062,212310,left
fragility,98062,111726,left
fragility,98062,179729,left
fragility,98062,68698,left
fragility,98062,8586,left
fragility,98062,17366,left
fragility,98062,29553,left
fragility,98062,48511,left
fragility,98062,72555,left
fragility,98062,142415,left
fragility,98062,300836,left
fragility,98062,117302,left
fragility,98062,23423,left
fragility,98062,289459,left
fragility,98062,231090,left
fragility,98062,62504,left
fragility,98062,281103,left
fragility,98062,298573,left
fragility,98062,218425,left
fragility,98062,168512,left
fragility,98062,136096,left
fragility,98062,17104,left
fragility,98062,290532,left
fragility,98062,105409,left
fragility,98062,140352,left
fragility,98062,46872,left
fragility,98062,27000,left
fragility,98062,306752,left
fragility,98062,82724,left
fragility,98062,127776,left
fragility,98062,161821,left
fragility,98062,258896,left
fragility,98062,214492,left
fragility,98062,26900,left
fragility,98062,171208,left
fragility,98062,172469,left
fragility,186481,223508,left
fragility,186481,61310,left
fragility,186481,253099,left
fragility,186481,60420,left
fragility,186481,147680,left
fragility,186481,207461,left
fragility,186481,23337,left
fragility,186481,224897,left
fragility,186481,308284,left
fragility,186481,87483,left
fragility,186481,206883,left
fragility,186481,23327,left
fragility,186481,93233,left
fragility,186481,231648,left
fragility,186481,40345,left
fragility,186481,212310,left
fragility,186481,111726,left
fragility,186481,179729,left
fragility,186481,68698,left
fragility,186481,8586,left
fragility,186481,17366,left
fragility,186481,29553,left
fragility,186481,48511,left
fragility,186481,72555,left
fragility,186481,142415,left
fragility,186481,300836,left
fragility,186481,117302,left
fragility,186481,23423,left
fragility,186481,289459,left
fragility,186481,231090,left
fragility,186481,62504,left
fragility,186481,281103,left
fragility,186481,298573,left
fragility,186481,218425,left
fragility,186481,168512,left
fragility,186481,136096,left
fragility,186481,17104,left
fragility,186481,290532,left
fragility,186481,105409,left
fragility,186481,140352,left
fragility,186481,46872,left
fragility,186481,27000,left
fragility,186481,306752,left
fragility,186481,82724,left
fragility,186481,127776,left
fragility,186481,161821,left
fragility,186481,258896,left
fragility,186481,214492,left
fragility,186481,26900,left
fragility,186481,171208,left
fragility,186481,172469,left
fragility,294130,223508,left
fragility,294130,61310,left
fragility,294130,253099,left
fragility,294130,60420,left
fragility,294130,147680,left
fragility,294130,207461,left
fragility,294130,23337,left
fragility,294130,224897,left
fragility,294130,308284,left
fragility,294130,87483,left
fragility,294130,206883,left
fragility,294130,23327,left
fragility,294130,93233,left
fragility,294130,231648,left
fragility,294130,40345,left
fragility,294130,212310,left
fragility,294130,111726,left
fragility,294130,179729,left
fragility,294130,68698,left
fragility,294130,8586,left
fragility,294130,17366,left
fragility,294130,29553,left
fragility,294130,48511,left
fragility,294130,72555,left
fragility,294130,142415,left
fragility,294130,300836,left
fragility,294130,117302,left
fragility,294130,23423,left
fragility,294130,289459,left
fragility,294130,231090,left
fragility,294130,62504,left
fragility,294130,281103,left
fragility,294130,298573,left
fragility,294130,218425,left
fragility,294130,168512,left
fragility,294130,136096,left
fragility,294130,17104,left
fragility,294130,290532,left
fragility,294130,105409,left
fragility,294130,140352,left
fragility,294130,46872,left
fragility,294130,27000,left
fragility,294130,306752,left
fragility,294130,82724,left
fragility,294130,127776,left
fragility,294130,161821,left
fragility,294130,258896,left
fragility,294130,214492,left
fragility,294130,26900,left
fragility,294130,171208,left
fragility,294130,172469,left
fragility,150564,223508,left
fragility,150564,61310,left
fragility,150564,253099,left
fragility,150564,60420,left
fragility,150564,147680,left
fragility,150564,207461,left
fragility,150564,23337,left
fragility,150564,224897,left
fragility,150564,308284,left
fragility,150564,87483,left
fragility,150564,206883,left
fragility,150564,23327,left
fragility,150564,93233,left
fragility,150564,231648,left
fragility,150564,40345,left
fragility,150564,212310,left
fragility,150564,111726,left
fragility,150564,179729,left
fragility,150564,68698,left
fragility,150564,8586,left
fragility,150564,17366,left
fragility,150564,29553,left
fragility,150564,48511,left
fragility,150564,72555,left
fragility,150564,142415,left
fragility,150564,300836,left
fragility,150564,117302,left
fragility,150564,23423,left
fragility,150564,289459,left
fragility,150564,231090,left
fragility,150564,62504,left
fragility,150564,281103,left
fragility,150564,298573,left
fragility,150564,218425,left
fragility,150564,168512,left
fragility,150564,136096,left
fragility,150564,17104,left
fragility,150564,290532,left
fragility,150564,105409,left
fragility,150564,140352,left
fragility,150564,46872,left
fragility,150564,27000,left
fragility,150564,306752,left
fragility,150564,82724,left
fragility,150564,127776,left
fragility,150564,161821,left
fragility,150564,258896,left
fragility,150564,214492,left
fragility,150564,26900,left
fragility,150564,171208,left
fragility,150564,172469,left
fragility,87362,223508,left
fragility,87362,61310,left
fragility,87362,253099,left
fragility,87362,60420,left
fragility,87362,147680,left
fragility,87362,207461,left
fragility,87362,23337,left
fragility,87362,224897,left
fragility,87362,308284,left
fragility,87362,87483,left
fragility,87362,206883,left
fragility,87362,23327,left
fragility,87362,93233,left
fragility,87362,231648,left
fragility,87362,40345,left
fragility,87362,212310,left
fragility,87362,111726,left
fragility,87362,179729,left
fragility,87362,68698,left
fragility,87362,8586,left
fragility,87362,17366,left
fragility,87362,29553,left
fragility,87362,48511,left
fragility,87362,72555,left
fragility,87362,142415,left
fragility,87362,300836,left
fragility,87362,117302,left
fragility,87362,23423,left
fragility,87362,289459,left
fragility,87362,231090,left
fragility,87362,62504,left
fragility,87362,281103,left
fragility,87362,298573,left
fragility,87362,218425,left
fragility,87362,168512,left
fragility,87362,136096,left
fragility,87362,17104,left
fragility,87362,290532,left
fragility,87362,105409,left
fragility,87362,140352,left
fragility,87362,46872,left
fragility,87362,27000,left
fragility,87362,306752,left
fragility,87362,82724,left
fragility,87362,127776,left
fragility,87362,161821,left
fragility,87362,258896,left
fragility,87362,214492,left
fragility,87362,26900,left
fragility,87362,171208,left
fragility,87362,172469,left
fragility,220691,223508,left
fragility,220691,61310,left
fragility,220691,253099,left
fragility,220691,60420,left
fragility,220691,147680,left
fragility,220691,207461,left
fragility,220691,23337,left
fragility,220691,224897,left
fragility,220691,308284,left
fragility,220691,87483,left
fragility,220691,206883,left
fragility,220691,23327,left
fragility,220691,93233,left
fragility,220691,231648,left
fragility,220691,40345,left
fragility,220691,212310,left
fragility,220691,111726,left
fragility,220691,179729,left
fragility,220691,68698,left
fragility,220691,8586,left
fragility,220691,17366,left
fragility,220691,29553,left
fragility,220691,48511,left
fragility,220691,72555,left
fragility,220691,142415,left
fragility,220691,300836,left
fragility,220691,117302,left
fragility,220691,23423,left
fragility,220691,289459,left
fragility,220691,231090,left
fragility,220691,62504,left
fragility,220691,281103,left
fragility,220691,298573,left
fragility,220691,218425,left
fragility,220691,168512,left
fragility,220691,136096,left
fragility,220691,17104,left
fragility,220691,290532,left
fragility,220691,105409,left
fragility,220691,140352,left
fragility,220691,46872,left
fragility,220691,27000,left
fragility,220691,306752,left
fragility,220691,82724,left
fragility,220691,127776,left
fragility,220691,161821,left
fragility,220691,258896,left
fragility,220691,214492,left
fragility,220691,26900,left
fragility,220691,171208,left
fragility,220691,172469,left
fragility,39849,223508,left
fragility,39849,61310,left
fragility,39849,253099,left
fragility,39849,60420,left
fragility,39849,147680,left
fragility,39849,207461,left
fragility,39849,23337,left
fragility,39849,224897,left
fragility,39849,308284,left
fragility,39849,87483,left
fragility,39849,206883,left
fragility,39849,23327,left
fragility,39849,93233,left
fragility,39849,231648,left
fragility,39849,40345,left
fragility,39849,212310,left
fragility,39849,111726,left
fragility,39849,179729,left
fragility,39849,68698,left
fragility,39849,8586,left
fragility,39849,17366,left
fragility,39849,29553,left
fragility,39849,48511,left
fragility,39849,72555,left
fragility,39849,142415,left
fragility,39849,300836,left
fragility,39849,117302,left
fragility,39849,23423,left
fragility,39849,289459,left
fragility,39849,231090,left
fragility,39849,62504,left
fragility,39849,281103,left
fragility,39849,298573,left
fragility,39849,218425,left
fragility,39849,168512,left
fragility,39849,136096,left
fragility,39849,17104,left
fragility,39849,290532,left
fragility,39849,105409,left
fragility,39849,140352,left
fragility,39849,46872,left
fragility,39849,27000,left
fragility,39849,306752,left
fragility,39849,82724,left
fragility,39849,127776,left
fragility,39849,161821,left
fragility,39849,258896,left
fragility,39849,214492,left
fragility,39849,26900,left
fragility,39849,171208,left
fragility,39849,172469,left
fragility,221131,223508,left
fragility,221131,61310,left
fragility,221131,253099,left
fragility,221131,60420,left
fragility,221131,147680,left
fragility,221131,207461,left
fragility,221131,23337,left
fragility,221131,224897,left
fragility,221131,308284,left
fragility,221131,87483,left
fragility,221131,206883,left
fragility,221131,23327,left
fragility,221131,93233,left
fragility,221131,231648,left
fragility,221131,40345,left
fragility,221131,212310,left
fragility,221131,111726,left
fragility,221131,179729,left
fragility,221131,68698,left
fragility,221131,8586,left
fragility,221131,17366,left
fragility,221131,29553,left
fragility,221131,48511,left
fragility,221131,72555,left
fragility,221131,142415,left
fragility,221131,300836,left
fragility,221131,117302,left
fragility,221131,23423,left
fragility,221131,289459,left
fragility,221131,231090,left
fragility,221131,62504,left
fragility,221131,281103,left
fragility,221131,298573,left
fragility,221131,218425,left
fragility,221131,168512,left
fragility,221131,136096,left
fragility,221131,17104,left
fragility,221131,290532,left
fragility,221131,105409,left
fragility,221131,140352,left
fragility,221131,46872,left
fragility,221131,27000,left
fragility,221131,306752,left
fragility,221131,82724,left
fragility,221131,127776,left
fragility,221131,161821,left
fragility,221131,258896,left
fragility,221131,214492,left
fragility,221131,26900,left
fragility,221131,171208,left
fragility,221131,172469,left
fragility,68519,223508,left
fragility,68519,61310,left
fragility,68519,253099,left
fragility,68519,60420,left
fragility,68519,147680,left
fragility,68519,207461,left
fragility,68519,23337,left
fragility,68519,224897,left
fragility,68519,308284,left
fragility,68519,87483,left
fragility,68519,206883,left
fragility,68519,23327,left
fragility,68519,93233,left
fragility,68519,231648,left
fragility,68519,40345,left
fragility,68519,212310,left
fragility,68519,111726,left
fragility,68519,179729,left
fragility,68519,68698,left
fragility,68519,8586,left
fragility,68519,17366,left
fragility,68519,29553,left
fragility,68519,48511,left
fragility,68519,72555,left
fragility,68519,142415,left
fragility,68519,300836,left
fragility,68519,117302,left
fragility,68519,23423,left
fragility,68519,289459,left
fragility,68519,231090,left
fragility,68519,62504,left
fragility,68519,281103,left
fragility,68519,298573,left
fragility,68519,218425,left
fragility,68519,168512,left
fragility,68519,136096,left
fragility,68519,17104,left
fragility,68519,290532,left
fragility,68519,105409,left
fragility,68519,140352,left
fragility,68519,46872,left
fragility,68519,27000,left
fragility,68519,306752,left
fragility,68519,82724,left
fragility,68519,127776,left
fragility,68519,161821,left
fragility,68519,258896,left
fragility,68519,214492,left
fragility,68519,26900,left
fragility,68519,171208,left
fragility,68519,172469,left
fragility,138600,223508,left
fragility,138600,61310,left
fragility,138600,253099,left
fragility,138600,60420,left
fragility,138600,147680,left
fragility,138600,207461,left
fragility,138600,23337,left
fragility,138600,224897,left
fragility,138600,308284,left
fragility,138600,87483,left
fragility,138600,206883,left
fragility,138600,23327,left
fragility,138600,93233,left
fragility,138600,231648,left
fragility,138600,40345,left
fragility,138600,212310,left
fragility,138600,111726,left
fragility,138600,179729,left
fragility,138600,68698,left
fragility,138600,8586,left
fragility,138600,17366,left
fragility,138600,29553,left
fragility,138600,48511,left
fragility,138600,72555,left
fragility,138600,142415,left
fragility,138600,300836,left
fragility,138600,117302,left
fragility,138600,23423,left
fragility,138600,289459,left
fragility,138600,231090,left
fragility,138600,62504,left
fragility,138600,281103,left
fragility,138600,298573,left
fragility,138600,218425,left
fragility,138600,168512,left
fragility,138600,136096,left
fragility,138600,17104,left
fragility,138600,290532,left
fragility,138600,105409,left
fragility,138600,140352,left
fragility,138600,46872,left
fragility,138600,27000,left
fragility,138600,306752,left
fragility,138600,82724,left
fragility,138600,127776,left
fragility,138600,161821,left
fragility,138600,258896,left
fragility,138600,214492,left
fragility,138600,26900,left
fragility,138600,171208,left
fragility,138600,172469,left
fragility,121844,223508,left
fragility,121844,61310,left
fragility,121844,253099,left
fragility,121844,60420,left
fragility,121844,147680,left
fragility,121844,207461,left
fragility,121844,23337,left
fragility,121844,224897,left
fragility,121844,308284,left
fragility,121844,87483,left
fragility,121844,206883,left
fragility,121844,23327,left
fragility,121844,93233,left
fragility,121844,231648,left
fragility,121844,40345,left
fragility,121844,212310,left
fragility,121844,111726,left
fragility,121844,179729,left
fragility,121844,68698,left
fragility,121844,8586,left
fragility,121844,17366,left
fragility,121844,29553,left
fragility,121844,48511,left
fragility,121844,72555,left
fragility,121844,142415,left
fragility,121844,300836,left
fragility,121844,117302,left
fragility,121844,23423,left
fragility,121844,289459,left
fragility,121844,231090,left
fragility,121844,62504,left
fragility,121844,281103,left
fragility,121844,298573,left
fragility,121844,218425,left
fragility,121844,168512,left
fragility,121844,136096,left
fragility,121844,17104,left
fragility,121844,290532,left
fragility,121844,105409,left
fragility,121844,140352,left
fragility,121844,46872,left
fragility,121844,27000,left
fragility,121844,306752,left
fragility,121844,82724,left
fragility,121844,127776,left
fragility,121844,161821,left
fragility,121844,258896,left
fragility,121844,214492,left
fragility,121844,26900,left
fragility,121844,171208,left
fragility,121844,172469,left
fragility,18144,223508,left
fragility,18144,61310,left
fragility,18144,253099,left
fragility,18144,60420,left
fragility,18144,147680,left
fragility,18144,207461,left
fragility,18144,23337,left
fragility,18144,224897,left
fragility,18144,308284,left
fragility,18144,87483,left
fragility,18144,206883,left
fragility,18144,23327,left
fragility,18144,93233,left
fragility,18144,231648,left
fragility,18144,40345,left
fragility,18144,212310,left
fragility,18144,111726,left
fragility,18144,179729,left
fragility,18144,68698,left
fragility,18144,8586,left
fragility,18144,17366,left
fragility,18144,29553,left
fragility,18144,48511,left
fragility,18144,72555,left
fragility,18144,142415,left
fragility,18144,300836,left
fragility,18144,117302,left
fragility,18144,23423,left
fragility,18144,289459,left
fragility,18144,231090,left
fragility,18144,62504,left
fragility,18144,281103,left
fragility,18144,298573,left
fragility,18144,218425,left
fragility,18144,168512,left
fragility,18144,136096,left
fragility,18144,17104,left
fragility,18144,290532,left
fragility,18144,105409,left
fragility,18144,140352,left
fragility,18144,46872,left
fragility,18144,27000,left
fragility,18144,306752,left
fragility,18144,82724,left
fragility,18144,127776,left
fragility,18144,161821,left
fragility,18144,258896,left
fragility,18144,214492,left
fragility,18144,26900,left
fragility,18144,171208,left
fragility,18144,172469,left
fragility,301558,223508,left
fragility,301558,61310,left
fragility,301558,253099,left
fragility,301558,60420,left
fragility,301558,147680,left
fragility,301558,207461,left
fragility,301558,23337,left
fragility,301558,224897,left
fragility,301558,308284,left
fragility,301558,87483,left
fragility,301558,206883,left
fragility,301558,23327,left
fragility,301558,93233,left
fragility,301558,231648,left
fragility,301558,40345,left
fragility,301558,212310,left
fragility,301558,111726,left
fragility,301558,179729,left
fragility,301558,68698,left
fragility,301558,8586,left
fragility,301558,17366,left
fragility,301558,29553,left
fragility,301558,48511,left
fragility,301558,72555,left
fragility,301558,142415,left
fragility,301558,300836,left
fragility,301558,117302,left
fragility,301558,23423,left
fragility,301558,289459,left
fragility,301558,231090,left
fragility,301558,62504,left
fragility,301558,281103,left
fragility,301558,298573,left
fragility,301558,218425,left
fragility,301558,168512,left
fragility,301558,136096,left
fragility,301558,17104,left
fragility,301558,290532,left
fragility,301558,105409,left
fragility,301558,140352,left
fragility,301558,46872,left
fragility,301558,27000,left
fragility,301558,306752,left
fragility,301558,82724,left
fragility,301558,127776,left
fragility,301558,161821,left
fragility,301558,258896,left
fragility,301558,214492,left
fragility,301558,26900,left
fragility,301558,171208,left
fragility,301558,172469,left
fragility,248187,223508,left
fragility,248187,61310,left
fragility,248187,253099,left
fragility,248187,60420,left
fragility,248187,147680,left
fragility,248187,207461,left
fragility,248187,23337,left
fragility,248187,224897,left
fragility,248187,308284,left
fragility,248187,87483,left
fragility,248187,206883,left
fragility,248187,23327,left
fragility,248187,93233,left
fragility,248187,231648,left
fragility,248187,40345,left
fragility,248187,212310,left
fragility,248187,111726,left
fragility,248187,179729,left
fragility,248187,68698,left
fragility,248187,8586,left
fragility,248187,17366,left
fragility,248187,29553,left
fragility,248187,48511,left
fragility,248187,72555,left
fragility,248187,142415,left
fragility,248187,300836,left
fragility,248187,117302,left
fragility,248187,23423,left
fragility,248187,289459,left
fragility,248187,231090,left
fragility,248187,62504,left
fragility,248187,281103,left
fragility,248187,298573,left
fragility,248187,218425,left
fragility,248187,168512,left
fragility,248187,136096,left
fragility,248187,17104,left
fragility,248187,290532,left
fragility,248187,105409,left
fragility,248187,140352,left
fragility,248187,46872,left
fragility,248187,27000,left
fragility,248187,306752,left
fragility,248187,82724,left
fragility,248187,127776,left
fragility,248187,161821,left
fragility,248187,258896,left
fragility,248187,214492,left
fragility,248187,26900,left
fragility,248187,171208,left
fragility,248187,172469,left
fragility,51035,223508,left
fragility,51035,61310,left
fragility,51035,253099,left
fragility,51035,60420,left
fragility,51035,147680,left
fragility,51035,207461,left
fragility,51035,23337,left
fragility,51035,224897,left
fragility,51035,308284,left
fragility,51035,87483,left
fragility,51035,206883,left
fragility,51035,23327,left
fragility,51035,93233,left
fragility,51035,231648,left
fragility,51035,40345,left
fragility,51035,212310,left
fragility,51035,111726,left
fragility,51035,179729,left
fragility,51035,68698,left
fragility,51035,8586,left
fragility,51035,17366,left
fragility,51035,29553,left
fragility,51035,48511,left
fragility,51035,72555,left
fragility,51035,142415,left
fragility,51035,300836,left
fragility,51035,117302,left
fragility,51035,23423,left
fragility,51035,289459,left
fragility,51035,231090,left
fragility,51035,62504,left
fragility,51035,281103,left
fragility,51035,298573,left
fragility,51035,218425,left
fragility,51035,168512,left
fragility,51035,136096,left
fragility,51035,17104,left
fragility,51035,290532,left
fragility,51035,105409,left
fragility,51035,140352,left
fragility,51035,46872,left
fragility,51035,27000,left
fragility,51035,306752,left
fragility,51035,82724,left
fragility,51035,127776,left
fragility,51035,161821,left
fragility,51035,258896,left
fragility,51035,214492,left
fragility,51035,26900,left
fragility,51035,171208,left
fragility,51035,172469,left
fragility,65991,223508,left
fragility,65991,61310,left
fragility,65991,253099,left
fragility,65991,60420,left
fragility,65991,147680,left
fragility,65991,207461,left
fragility,65991,23337,left
fragility,65991,224897,left
fragility,65991,308284,left
fragility,65991,87483,left
fragility,65991,206883,left
fragility,65991,23327,left
fragility,65991,93233,left
fragility,65991,231648,left
fragility,65991,40345,left
fragility,65991,212310,left
fragility,65991,111726,left
fragility,65991,179729,left
fragility,65991,68698,left
fragility,65991,8586,left
fragility,65991,17366,left
fragility,65991,29553,left
fragility,65991,48511,left
fragility,65991,72555,left
fragility,65991,142415,left
fragility,65991,300836,left
fragility,65991,117302,left
fragility,65991,23423,left
fragility,65991,289459,left
fragility,65991,231090,left
fragility,65991,62504,left
fragility,65991,281103,left
fragility,65991,298573,left
fragility,65991,218425,left
fragility,65991,168512,left
fragility,65991,136096,left
fragility,65991,17104,left
fragility,65991,290532,left
fragility,65991,105409,left
fragility,65991,140352,left
fragility,65991,46872,left
fragility,65991,27000,left
fragility,65991,306752,left
fragility,65991,82724,left
fragility,65991,127776,left
fragility,65991,161821,left
fragility,65991,258896,left
fragility,65991,214492,left
fragility,65991,26900,left
fragility,65991,171208,left
fragility,65991,172469,left
fragility,79949,223508,left
fragility,79949,61310,left
fragility,79949,253099,left
fragility,79949,60420,left
fragility,79949,147680,left
fragility,79949,207461,left
fragility,79949,23337,left
fragility,79949,224897,left
fragility,79949,308284,left
fragility,79949,87483,left
fragility,79949,206883,left
fragility,79949,23327,left
fragility,79949,93233,left
fragility,79949,231648,left
fragility,79949,40345,left
fragility,79949,212310,left
fragility,79949,111726,left
fragility,79949,179729,left
fragility,79949,68698,left
fragility,79949,8586,left
fragility,79949,17366,left
fragility,79949,29553,left
fragility,79949,48511,left
fragility,79949,72555,left
fragility,79949,142415,left
fragility,79949,300836,left
fragility,79949,117302,left
fragility,79949,23423,left
fragility,79949,289459,left
fragility,79949,231090,left
fragility,79949,62504,left
fragility,79949,281103,left
fragility,79949,298573,left
fragility,79949,218425,left
fragility,79949,168512,left
fragility,79949,136096,left
fragility,79949,17104,left
fragility,79949,290532,left
fragility,79949,105409,left
fragility,79949,140352,left
fragility,79949,46872,left
fragility,79949,27000,left
fragility,79949,306752,left
fragility,79949,82724,left
fragility,79949,127776,left
fragility,79949,161821,left
fragility,79949,258896,left
fragility,79949,214492,left
fragility,79949,26900,left
fragility,79949,171208,left
fragility,79949,172469,left
fragility,14395,223508,left
fragility,14395,61310,left
fragility,14395,253099,left
fragility,14395,60420,left
fragility,14395,147680,left
fragility,14395,207461,left
fragility,14395,23337,left
fragility,14395,224897,left
fragility,14395,308284,left
fragility,14395,87483,left
fragility,14395,206883,left
fragility,14395,23327,left
fragility,14395,93233,left
fragility,14395,231648,left
fragility,14395,40345,left
fragility,14395,212310,left
fragility,14395,111726,left
fragility,14395,179729,left
fragility,14395,68698,left
fragility,14395,8586,left
fragility,14395,17366,left
fragility,14395,29553,left
fragility,14395,48511,left
fragility,14395,72555,left
fragility,14395,142415,left
fragility,14395,300836,left
fragility,14395,117302,left
fragility,14395,23423,left
fragility,14395,289459,left
fragility,14395,231090,left
fragility,14395,62504,left
fragility,14395,281103,left
fragility,14395,298573,left
fragility,14395,218425,left
fragility,14395,168512,left
fragility,14395,136096,left
fragility,14395,17104,left
fragility,14395,290532,left
fragility,14395,105409,left
fragility,14395,140352,left
fragility,14395,46872,left
fragility,14395,27000,left
fragility,14395,306752,left
fragility,14395,82724,left
fragility,14395,127776,left
fragility,14395,161821,left
fragility,14395,258896,left
fragility,14395,214492,left
fragility,14395,26900,left
fragility,14395,171208,left
fragility,14395,172469,left
fragility,168233,223508,left
fragility,168233,61310,left
fragility,168233,253099,left
fragility,168233,60420,left
fragility,168233,147680,left
fragility,168233,207461,left
fragility,168233,23337,left
fragility,168233,224897,left
fragility,168233,308284,left
fragility,168233,87483,left
fragility,168233,206883,left
fragility,168233,23327,left
fragility,168233,93233,left
fragility,168233,231648,left
fragility,168233,40345,left
fragility,168233,212310,left
fragility,168233,111726,left
fragility,168233,179729,left
fragility,168233,68698,left
fragility,168233,8586,left
fragility,168233,17366,left
fragility,168233,29553,left
fragility,168233,48511,left
fragility,168233,72555,left
fragility,168233,142415,left
fragility,168233,300836,left
fragility,168233,117302,left
fragility,168233,23423,left
fragility,168233,289459,left
fragility,168233,231090,left
fragility,168233,62504,left
fragility,168233,281103,left
fragility,168233,298573,left
fragility,168233,218425,left
fragility,168233,168512,left
fragility,168233,136096,left
fragility,168233,17104,left
fragility,168233,290532,left
fragility,168233,105409,left
fragility,168233,140352,left
fragility,168233,46872,left
fragility,168233,27000,left
fragility,168233,306752,left
fragility,168233,82724,left
fragility,168233,127776,left
fragility,168233,161821,left
fragility,168233,258896,left
fragility,168233,214492,left
fragility,168233,26900,left
fragility,168233,171208,left
fragility,168233,172469,left
fragility,71389,223508,left
fragility,71389,61310,left
fragility,71389,253099,left
fragility,71389,60420,left
fragility,71389,147680,left
fragility,71389,207461,left
fragility,71389,23337,left
fragility,71389,224897,left
fragility,71389,308284,left
fragility,71389,87483,left
fragility,71389,206883,left
fragility,71389,23327,left
fragility,71389,93233,left
fragility,71389,231648,left
fragility,71389,40345,left
fragility,71389,212310,left
fragility,71389,111726,left
fragility,71389,179729,left
fragility,71389,68698,left
fragility,71389,8586,left
fragility,71389,17366,left
fragility,71389,29553,left
fragility,71389,48511,left
fragility,71389,72555,left
fragility,71389,142415,left
fragility,71389,300836,left
fragility,71389,117302,left
fragility,71389,23423,left
fragility,71389,289459,left
fragility,71389,231090,left
fragility,71389,62504,left
fragility,71389,281103,left
fragility,71389,298573,left
fragility,71389,218425,left
fragility,71389,168512,left
fragility,71389,136096,left
fragility,71389,17104,left
fragility,71389,290532,left
fragility,71389,105409,left
fragility,71389,140352,left
fragility,71389,46872,left
fragility,71389,27000,left
fragility,71389,306752,left
fragility,71389,82724,left
fragility,71389,127776,left
fragility,71389,161821,left
fragility,71389,258896,left
fragility,71389,214492,left
fragility,71389,26900,left
fragility,71389,171208,left
fragility,71389,172469,left
fragility,53665,223508,left
fragility,53665,61310,left
fragility,53665,253099,left
fragility,53665,60420,left
fragility,53665,147680,left
fragility,53665,207461,left
fragility,53665,23337,left
fragility,53665,224897,left
fragility,53665,308284,left
fragility,53665,87483,left
fragility,53665,206883,left
fragility,53665,23327,left
fragility,53665,93233,left
fragility,53665,231648,left
fragility,53665,40345,left
fragility,53665,212310,left
fragility,53665,111726,left
fragility,53665,179729,left
fragility,53665,68698,left
fragility,53665,8586,left
fragility,53665,17366,left
fragility,53665,29553,left
fragility,53665,48511,left
fragility,53665,72555,left
fragility,53665,142415,left
fragility,53665,300836,left
fragility,53665,117302,left
fragility,53665,23423,left
fragility,53665,289459,left
fragility,53665,231090,left
fragility,53665,62504,left
fragility,53665,281103,left
fragility,53665,298573,left
fragility,53665,218425,left
fragility,53665,168512,left
fragility,53665,136096,left
fragility,53665,17104,left
fragility,53665,290532,left
fragility,53665,105409,left
fragility,53665,140352,left
fragility,53665,46872,left
fragility,53665,27000,left
fragility,53665,306752,left
fragility,53665,82724,left
fragility,53665,127776,left
fragility,53665,161821,left
fragility,53665,258896,left
fragility,53665,214492,left
fragility,53665,26900,left
fragility,53665,171208,left
fragility,53665,172469,left
fragility,200129,223508,left
fragility,200129,61310,left
fragility,200129,253099,left
fragility,200129,60420,left
fragility,200129,147680,left
fragility,200129,207461,left
fragility,200129,23337,left
fragility,200129,224897,left
fragility,200129,308284,left
fragility,200129,87483,left
fragility,200129,206883,left
fragility,200129,23327,left
fragility,200129,93233,left
fragility,200129,231648,left
fragility,200129,40345,left
fragility,200129,212310,left
fragility,200129,111726,left
fragility,200129,179729,left
fragility,200129,68698,left
fragility,200129,8586,left
fragility,200129,17366,left
fragility,200129,29553,left
fragility,200129,48511,left
fragility,200129,72555,left
fragility,200129,142415,left
fragility,200129,300836,left
fragility,200129,117302,left
fragility,200129,23423,left
fragility,200129,289459,left
fragility,200129,231090,left
fragility,200129,62504,left
fragility,200129,281103,left
fragility,200129,298573,left
fragility,200129,218425,left
fragility,200129,168512,left
fragility,200129,136096,left
fragility,200129,17104,left
fragility,200129,290532,left
fragility,200129,105409,left
fragility,200129,140352,left
fragility,200129,46872,left
fragility,200129,27000,left
fragility,200129,306752,left
fragility,200129,82724,left
fragility,200129,127776,left
fragility,200129,161821,left
fragility,200129,258896,left
fragility,200129,214492,left
fragility,200129,26900,left
fragility,200129,171208,left
fragility,200129,172469,left
fragility,4793,223508,left
fragility,4793,61310,left
fragility,4793,253099,left
fragility,4793,60420,left
fragility,4793,147680,left
fragility,4793,207461,left
fragility,4793,23337,left
fragility,4793,224897,left
fragility,4793,308284,left
fragility,4793,87483,left
fragility,4793,206883,left
fragility,4793,23327,left
fragility,4793,93233,left
fragility,4793,231648,left
fragility,4793,40345,left
fragility,4793,212310,left
fragility,4793,111726,left
fragility,4793,179729,left
fragility,4793,68698,left
fragility,4793,8586,left
fragility,4793,17366,left
fragility,4793,29553,left
fragility,4793,48511,left
fragility,4793,72555,left
fragility,4793,142415,left
fragility,4793,300836,left
fragility,4793,117302,left
fragility,4793,23423,left
fragility,4793,289459,left
fragility,4793,231090,left
fragility,4793,62504,left
fragility,4793,281103,left
fragility,4793,298573,left
fragility,4793,218425,left
fragility,4793,168512,left
fragility,4793,136096,left
fragility,4793,17104,left
fragility,4793,290532,left
fragility,4793,105409,left
fragility,4793,140352,left
fragility,4793,46872,left
fragility,4793,27000,left
fragility,4793,306752,left
fragility,4793,82724,left
fragility,4793,127776,left
fragility,4793,161821,left
fragility,4793,258896,left
fragility,4793,214492,left
fragility,4793,26900,left
fragility,4793,171208,left
fragility,4793,172469,left
fragility,281054,223508,left
fragility,281054,61310,left
fragility,281054,253099,left
fragility,281054,60420,left
fragility,281054,147680,left
fragility,281054,207461,left
fragility,281054,23337,left
fragility,281054,224897,left
fragility,281054,308284,left
fragility,281054,87483,left
fragility,281054,206883,left
fragility,281054,23327,left
fragility,281054,93233,left
fragility,281054,231648,left
fragility,281054,40345,left
fragility,281054,212310,left
fragility,281054,111726,left
fragility,281054,179729,left
fragility,281054,68698,left
fragility,281054,8586,left
fragility,281054,17366,left
fragility,281054,29553,left
fragility,281054,48511,left
fragility,281054,72555,left
fragility,281054,142415,left
fragility,281054,300836,left
fragility,281054,117302,left
fragility,281054,23423,left
fragility,281054,289459,left
fragility,281054,231090,left
fragility,281054,62504,left
fragility,281054,281103,left
fragility,281054,298573,left
fragility,281054,218425,left
fragility,281054,168512,left
fragility,281054,136096,left
fragility,281054,17104,left
fragility,281054,290532,left
fragility,281054,105409,left
fragility,281054,140352,left
fragility,281054,46872,left
fragility,281054,27000,left
fragility,281054,306752,left
fragility,281054,82724,left
fragility,281054,127776,left
fragility,281054,161821,left
fragility,281054,258896,left
fragility,281054,214492,left
fragility,281054,26900,left
fragility,281054,171208,left
fragility,281054,172469,left
fragility,267314,223508,left
fragility,267314,61310,left
fragility,267314,253099,left
fragility,267314,60420,left
fragility,267314,147680,left
fragility,267314,207461,left
fragility,267314,23337,left
fragility,267314,224897,left
fragility,267314,308284,left
fragility,267314,87483,left
fragility,267314,206883,left
fragility,267314,23327,left
fragility,267314,93233,left
fragility,267314,231648,left
fragility,267314,40345,left
fragility,267314,212310,left
fragility,267314,111726,left
fragility,267314,179729,left
fragility,267314,68698,left
fragility,267314,8586,left
fragility,267314,17366,left
fragility,267314,29553,left
fragility,267314,48511,left
fragility,267314,72555,left
fragility,267314,142415,left
fragility,267314,300836,left
fragility,267314,117302,left
fragility,267314,23423,left
fragility,267314,289459,left
fragility,267314,231090,left
fragility,267314,62504,left
fragility,267314,281103,left
fragility,267314,298573,left
fragility,267314,218425,left
fragility,267314,168512,left
fragility,267314,136096,left
fragility,267314,17104,left
fragility,267314,290532,left
fragility,267314,105409,left
fragility,267314,140352,left
fragility,267314,46872,left
fragility,267314,27000,left
fragility,267314,306752,left
fragility,267314,82724,left
fragility,267314,127776,left
fragility,267314,161821,left
fragility,267314,258896,left
fragility,267314,214492,left
fragility,267314,26900,left
fragility,267314,171208,left
fragility,267314,172469,left
fragility,926,223508,left
fragility,926,61310,left
fragility,926,253099,left
fragility,926,60420,left
fragility,926,147680,left
fragility,926,207461,left
fragility,926,23337,left
fragility,926,224897,left
fragility,926,308284,left
fragility,926,87483,left
fragility,926,206883,left
fragility,926,23327,left
fragility,926,93233,left
fragility,926,231648,left
fragility,926,40345,left
fragility,926,212310,left
fragility,926,111726,left
fragility,926,179729,left
fragility,926,68698,left
fragility,926,8586,left
fragility,926,17366,left
fragility,926,29553,left
fragility,926,48511,left
fragility,926,72555,left
fragility,926,142415,left
fragility,926,300836,left
fragility,926,117302,left
fragility,926,23423,left
fragility,926,289459,left
fragility,926,231090,left
fragility,926,62504,left
fragility,926,281103,left
fragility,926,298573,left
fragility,926,218425,left
fragility,926,168512,left
fragility,926,136096,left
fragility,926,17104,left
fragility,926,290532,left
fragility,926,105409,left
fragility,926,140352,left
fragility,926,46872,left
fragility,926,27000,left
fragility,926,306752,left
fragility,926,82724,left
fragility,926,127776,left
fragility,926,161821,left
fragility,926,258896,left
fragility,926,214492,left
fragility,926,26900,left
fragility,926,171208,left
fragility,926,172469,left
fragility,248743,223508,left
fragility,248743,61310,left
fragility,248743,253099,left
fragility,248743,60420,left
fragility,248743,147680,left
fragility,248743,207461,left
fragility,248743,23337,left
fragility,248743,224897,left
fragility,248743,308284,left
fragility,248743,87483,left
fragility,248743,206883,left
fragility,248743,23327,left
fragility,248743,93233,left
fragility,248743,231648,left
fragility,248743,40345,left
fragility,248743,212310,left
fragility,248743,111726,left
fragility,248743,179729,left
fragility,248743,68698,left
fragility,248743,8586,left
fragility,248743,17366,left
fragility,248743,29553,left
fragility,248743,48511,left
fragility,248743,72555,left
fragility,248743,142415,left
fragility,248743,300836,left
fragility,248743,117302,left
fragility,248743,23423,left
fragility,248743,289459,left
fragility,248743,231090,left
fragility,248743,62504,left
fragility,248743,281103,left
fragility,248743,298573,left
fragility,248743,218425,left
fragility,248743,168512,left
fragility,248743,136096,left
fragility,248743,17104,left
fragility,248743,290532,left
fragility,248743,105409,left
fragility,248743,140352,left
fragility,248743,46872,left
fragility,248743,27000,left
fragility,248743,306752,left
fragility,248743,82724,left
fragility,248743,127776,left
fragility,248743,161821,left
fragility,248743,258896,left
fragility,248743,214492,left
fragility,248743,26900,left
fragility,248743,171208,left
fragility,248743,172469,left
fragility,53563,223508,left
fragility,53563,61310,left
fragility,53563,253099,left
fragility,53563,60420,left
fragility,53563,147680,left
fragility,53563,207461,left
fragility,53563,23337,left
fragility,53563,224897,left
fragility,53563,308284,left
fragility,53563,87483,left
fragility,53563,206883,left
fragility,53563,23327,left
fragility,53563,93233,left
fragility,53563,231648,left
fragility,53563,40345,left
fragility,53563,212310,left
fragility,53563,111726,left
fragility,53563,179729,left
fragility,53563,68698,left
fragility,53563,8586,left
fragility,53563,17366,left
fragility,53563,29553,left
fragility,53563,48511,left
fragility,53563,72555,left
fragility,53563,142415,left
fragility,53563,300836,left
fragility,53563,117302,left
fragility,53563,23423,left
fragility,53563,289459,left
fragility,53563,231090,left
fragility,53563,62504,left
fragility,53563,281103,left
fragility,53563,298573,left
fragility,53563,218425,left
fragility,53563,168512,left
fragility,53563,136096,left
fragility,53563,17104,left
fragility,53563,290532,left
fragility,53563,105409,left
fragility,53563,140352,left
fragility,53563,46872,left
fragility,53563,27000,left
fragility,53563,306752,left
fragility,53563,82724,left
fragility,53563,127776,left
fragility,53563,161821,left
fragility,53563,258896,left
fragility,53563,214492,left
fragility,53563,26900,left
fragility,53563,171208,left
fragility,53563,172469,left
fragility,198399,223508,left
fragility,198399,61310,left
fragility,198399,253099,left
fragility,198399,60420,left
fragility,198399,147680,left
fragility,198399,207461,left
fragility,198399,23337,left
fragility,198399,224897,left
fragility,198399,308284,left
fragility,198399,87483,left
fragility,198399,206883,left
fragility,198399,23327,left
fragility,198399,93233,left
fragility,198399,231648,left
fragility,198399,40345,left
fragility,198399,212310,left
fragility,198399,111726,left
fragility,198399,179729,left
fragility,198399,68698,left
fragility,198399,8586,left
fragility,198399,17366,left
fragility,198399,29553,left
fragility,198399,48511,left
fragility,198399,72555,left
fragility,198399,142415,left
fragility,198399,300836,left
fragility,198399,117302,left
fragility,198399,23423,left
fragility,198399,289459,left
fragility,198399,231090,left
fragility,198399,62504,left
fragility,198399,281103,left
fragility,198399,298573,left
fragility,198399,218425,left
fragility,198399,168512,left
fragility,198399,136096,left
fragility,198399,17104,left
fragility,198399,290532,left
fragility,198399,105409,left
fragility,198399,140352,left
fragility,198399,46872,left
fragility,198399,27000,left
fragility,198399,306752,left
fragility,198399,82724,left
fragility,198399,127776,left
fragility,198399,161821,left
fragility,198399,258896,left
fragility,198399,214492,left
fragility,198399,26900,left
fragility,198399,171208,left
fragility,198399,172469,left
fragility,137562,223508,left
fragility,137562,61310,left
fragility,137562,253099,left
fragility,137562,60420,left
fragility,137562,147680,left
fragility,137562,207461,left
fragility,137562,23337,left
fragility,137562,224897,left
fragility,137562,308284,left
fragility,137562,87483,left
fragility,137562,206883,left
fragility,137562,23327,left
fragility,137562,93233,left
fragility,137562,231648,left
fragility,137562,40345,left
fragility,137562,212310,left
fragility,137562,111726,left
fragility,137562,179729,left
fragility,137562,68698,left
fragility,137562,8586,left
fragility,137562,17366,left
fragility,137562,29553,left
fragility,137562,48511,left
fragility,137562,72555,left
fragility,137562,142415,left
fragility,137562,300836,left
fragility,137562,117302,left
fragility,137562,23423,left
fragility,137562,289459,left
fragility,137562,231090,left
fragility,137562,62504,left
fragility,137562,281103,left
fragility,137562,298573,left
fragility,137562,218425,left
fragility,137562,168512,left
fragility,137562,136096,left
fragility,137562,17104,left
fragility,137562,290532,left
fragility,137562,105409,left
fragility,137562,140352,left
fragility,137562,46872,left
fragility,137562,27000,left
fragility,137562,306752,left
fragility,137562,82724,left
fragility,137562,127776,left
fragility,137562,161821,left
fragility,137562,258896,left
fragility,137562,214492,left
fragility,137562,26900,left
fragility,137562,171208,left
fragility,137562,172469,left
